symbol,date,Stock Price,Number of Shares,Market Capitalization,- Cash & Cash Equivalents,+ Total Debt,Enterprise Value
PG,2019-06-30,120.41,2.5036E9,301458476000.0,4239000000.0,30092000000.0,327311476000.0
PG,2018-06-30,80.2,2.5293E9,202849860000.0,2569000000.0,31286000000.0,231566860000.0
PG,2017-06-30,90.21,2.5981E9,234374600999.99997,5569000000.0,31592000000.0,260397600999.99997
PG,2016-06-30,85.59,2.6989E9,230998851000.0,7102000000.0,30598000000.0,254494851000.0
PG,2015-06-30,77.39,2.7117E9,209858463000.0,6845000000.0,30350000000.0,233363463000.0
PG,2014-06-30,78.16,2.7198E9,212579568000.0,8558000000.0,35417000000.0,239438568000.0
PG,2013-06-30,80.44,2.7429E9,220638876000.0,5947000000.0,31543000000.0,246234876000.0
PG,2012-06-30,65.1,2.7513E9,179109629999.99997,4436000000.0,29778000000.0,204451629999.99997
PG,2011-06-30,61.49,2.804E9,172417960000.0,2768000000.0,32014000000.0,201663960000.0
PG,2010-06-30,61.16,2.9008E9,177412928000.0,2879000000.0,29832000000.0,204365928000.0
PG,2009-06-30,56.23,2.91470179E9,163893681651.69998,4781000000.0,36972000000.0,196084681651.69998
GIS,2019-05-26,51.09,6.004E8,30674436000.000004,450000000.0,13021300000.0,43245736000.0
GIS,2018-05-27,44.52,5.768E8,25679136000.0,399000000.0,14268800000.0,39548936000.0
GIS,2017-05-28,57.51,5.871E8,33764121000.0,766100000.0,8247600000.0,41245621000.0
GIS,2016-05-29,61.34,5.989E8,36736526000.0,763700000.0,8161100000.0,44133926000.0
GIS,2015-05-31,55.7,6.033E8,33603810000.0,334200000.0,8608100000.0,41877710000.0
GIS,2014-05-25,52.29,6.286E8,32869494000.0,867300000.0,7674100000.0,39676294000.0
GIS,2013-05-26,49.68,6.486E8,32222448000.0,741400000.0,7369400000.0,38850448000.0
GIS,2012-05-27,38.93,6.481E8,25230533000.0,471200000.0,6903100000.0,31662433000.0
GIS,2011-05-29,38.58,6.427E8,24795366000.0,619600000.0,6573800000.0,30749566000.0
GIS,2010-05-30,35.58,0.0,0.0,673200000.0,5375800000.0,4702600000.0
GIS,2009-05-31,25.24,6.57957348E8,16606843463.519999,749800000.0,7075500000.0,22932543463.519997
KO,2019-12-31,58.86,4.276E9,251685360000.0,6480000000.0,31769000000.0,276974360000.0
KO,2018-12-31,47.86,4.259E9,203835740000.0,8926000000.0,30361000000.0,225270740000.0
KO,2017-12-31,47.41,4.272E9,202535520000.0,6006000000.0,34480000000.0,231009520000.0
KO,2016-12-31,41.38,4.317E9,178637460000.0,8555000000.0,33211000000.0,203293460000.0
KO,2015-12-31,42.92,4.352E9,186787840000.0,7309000000.0,31084000000.0,210562840000.0
KO,2014-12-31,41.17,4.387E9,180612790000.0,8958000000.0,22615000000.0,194269790000.0
KO,2013-12-31,38.17,4.434E9,169245780000.0,10414000000.0,20178000000.0,179009780000.0
KO,2012-12-31,37.5,4.504E9,168900000000.0,8442000000.0,16313000000.0,176771000000.0
KO,2011-12-31,33.73,2.284E9,77039320000.0,12803000000.0,15697000000.0,79933320000.0
KO,2010-12-31,31.11,2.308E9,71801880000.0,8517000000.0,15317000000.0,78601880000.0
KO,2009-12-31,27.13,4.634362944E9,125730266670.72,9151000000.0,11859000000.0,128438266670.72
MDLZ,2019-12-31,58.8,1.445E9,84966000000.0,1291000000.0,15788000000.0,99463000000.0
MDLZ,2018-12-31,43.81,1.472E9,64488320000.0,1100000000.0,15180000000.0,78568320000.0
MDLZ,2017-12-31,44.34,1.513E9,67086420000.00001,761000000.0,14135000000.0,80460420000.0
MDLZ,2016-12-31,44.43,1.556E9,69133080000.0,1741000000.0,14668000000.0,82060080000.0
MDLZ,2015-12-31,43.1,1.618E9,69735800000.0,1870000000.0,15162000000.0,83027800000.0
MDLZ,2014-12-31,35.24,1.691E9,59590840000.0,1631000000.0,15395000000.0,73354840000.0
MDLZ,2013-12-31,32.93,1.774E9,58417820000.0,2664000000.0,15485000000.0,71238820000.0
MDLZ,2012-12-31,27.73,1.777E9,49276210000.0,4475000000.0,19151000000.0,63952210000.0
MDLZ,2011-12-31,38.18,1.765E9,67387700000.0,1974000000.0,26749000000.0,92162700000.0
MDLZ,2010-12-31,30.53,1.715E9,52358950000.0,2481000000.0,27974000000.0,77851950000.0
MDLZ,2009-12-31,27.66,1.475836525E9,40821638281.5,2101000000.0,18990000000.0,57710638281.5
KHC,2019-12-28,30.35,1.221E9,37057350000.0,2279000000.0,29238000000.0,64016350000.0
KHC,2018-12-29,46.9,1.219E9,57171100000.0,1130000000.0,31147000000.0,87188100000.0
KHC,2017-12-30,78.42,1.218E9,95515560000.0,1629000000.0,31076000000.0,124962560000.0
KHC,2016-12-31,89.08,1.217E9,108410360000.0,4204000000.0,31759000000.0,135965360000.0
KHC,2016-01-03,75.97,7.86E8,59712420000.0,4837000000.0,26475000000.0,81350420000.0
NWL,2019-12-31,20.0,4.233E8,8466000000.0,348600000.0,5723700000.0,13841100000.0
NWL,2018-12-31,20.92,4.737E8,9909804000.0,495700000.0,7015000000.0,16429104000.0
NWL,2017-12-31,25.73,4.867E8,12522791000.0,485700000.0,10552400000.0,22589491000.0
NWL,2016-12-31,46.28,4.213E8,19497764000.0,587500000.0,11892800000.0,30803064000.0
NWL,2015-12-31,38.78,2.693E8,10443454000.0,274800000.0,2693500000.0,12862154000.0
NWL,2014-12-31,36.87,2.761E8,10179807000.0,199400000.0,2091200000.0,12071607000.0
NWL,2013-12-31,30.27,2.886E8,8735922000.0,226300000.0,1662400000.0,10172022000.0
NWL,2012-12-31,23.65,2.912E8,6886880000.0,183800000.0,1707700000.0,8410780000.0
NWL,2011-12-31,18.6,2.936E8,5460960000.0,170200000.0,2073200000.0,7363960000.0
NWL,2010-12-31,19.34,2.824E8,5461616000.0,139600000.0,2233900000.0,7555916000.0
NWL,2009-12-31,13.57,2.777E8,3768389000.0,278300000.0,2508800000.0,5998889000.0
KMB,2019-12-31,144.63,3.436E8,49694868000.0,442000000.0,7747000000.0,56999868000.0
KMB,2018-12-31,107.87,3.48E8,37538760000.0,539000000.0,7455000000.0,44454760000.0
KMB,2017-12-31,118.5,3.536E8,41901600000.0,616000000.0,7425000000.0,48710600000.0
KMB,2016-12-31,120.59,3.594E8,43340046000.0,923000000.0,7572000000.0,49989046000.0
KMB,2015-12-31,128.42,3.638E8,46719195999.99999,619000000.0,7775000000.0,53875195999.99999
KMB,2014-12-31,107.96,3.745E8,40431020000.0,789000000.0,6956000000.0,46598020000.0
KMB,2013-12-31,103.93,3.84E8,39909120000.0,1054000000.0,5761000000.0,44616120000.0
KMB,2012-12-31,84.52,3.93E8,33216360000.0,1106000000.0,6185000000.0,38295360000.0
KMB,2011-12-31,68.4,3.957E8,27065880000.000004,764000000.0,6132000000.0,32433880000.000004
KMB,2010-12-31,62.06,4.124E8,25593544000.0,876000000.0,5464000000.0,30181544000.0
KMB,2009-12-31,56.94,4.15379458E8,23651706338.52,798000000.0,5402000000.0,28255706338.52
CPB,2019-07-28,40.07,3.01E8,12061070000.0,31000000.0,8474000000.0,20504070000.0
CPB,2018-07-29,40.54,3.01E8,12202540000.0,226000000.0,9894000000.0,21870540000.0
CPB,2017-07-30,52.15,3.05E8,15905750000.0,319000000.0,3536000000.0,19122750000.0
CPB,2016-07-31,66.06,3.09E8,20412540000.0,296000000.0,3533000000.0,23649540000.0
CPB,2015-08-02,47.27,3.12E8,14748240000.000002,253000000.0,4095000000.0,18590240000.0
CPB,2014-08-03,45.66,3.14E8,14337239999.999998,232000000.0,4015000000.0,18120240000.0
CPB,2013-07-28,44.79,3.14E8,14064060000.0,333000000.0,4453000000.0,18184060000.0
CPB,2012-07-29,33.38,3.17E8,10581460000.0,335000000.0,2790000000.0,13036460000.0
CPB,2011-07-31,34.65,3.26E8,11295900000.0,484000000.0,3084000000.0,13895900000.0
CPB,2010-08-01,35.31,3.4E8,12005400000.0,254000000.0,2780000000.0,14531400000.0
CPB,2009-08-02,29.7,3.52E8,10454400000.0,51000000.0,2624000000.0,13027400000.0
HRL,2019-10-27,43.54,5.34578E8,23275526120.0,672901000.0,250000000.0,22852625120.0
HRL,2018-10-28,39.4,5.30742E8,20911234800.0,459136000.0,624840000.0,21076938800.0
HRL,2017-10-29,32.14,5.28363E8,16981586820.0,444122000.0,250000000.0,16787464820.0
HRL,2016-10-30,37.93,5.2929E8,20075969700.0,415143000.0,250000000.0,19910826700.0
HRL,2015-10-25,31.09,2.64072E8,8209998480.0,347239000.0,435000000.0,8297759480.0
HRL,2014-10-26,25.11,2.63812E8,6624319320.0,334174000.0,250000000.0,6540145320.0
HRL,2013-10-27,21.15,2.64317E8,5590304550.0,434014000.0,250000000.0,5406290550.0
HRL,2012-10-28,14.62,2.63466E8,3851872920.0,682388000.0,250000000.0,3419484920.0
HRL,2011-10-30,13.51,2.66394E8,3598982940.0,463130000.0,250000000.0,3385852940.0
HRL,2010-10-31,11.17,1.33366E8,1489698220.0,467845000.0,350000000.0,1371853220.0
HRL,2009-10-25,9.0,5.36846104E8,4831614936.0,385252000.0,350000000.0,4796362936.0
K,2019-12-28,69.03,0.0,0.0,397000000.0,7820000000.0,7423000000.0
K,2018-12-29,58.12,3.47E8,20167640000.0,321000000.0,8717000000.0,28563640000.0
K,2017-12-30,67.76,3.48E8,23580480000.0,281000000.0,8245000000.0,31544480000.0
K,2016-12-31,72.67,3.5E8,25434500000.0,280000000.0,7329000000.0,32483500000.0
K,2016-01-02,73.59,3.54E8,26050860000.0,251000000.0,6555000000.0,32354860000.0
K,2015-01-03,66.47,3.58E8,23796260000.0,443000000.0,6542000000.0,29895260000.0
K,2013-12-28,59.86,3.63E8,21729180000.0,273000000.0,6619000000.0,28075180000.0
K,2012-12-29,58.41,3.58E8,20910780000.0,281000000.0,6837000000.0,27466780000.0
K,2011-12-31,49.47,3.62E8,17908140000.0,460000000.0,5798000000.0,23246140000.0
K,2011-01-01,50.3,3.76E8,18912800000.0,444000000.0,5860000000.0,24328800000.0
K,2010-01-02,54.72,0.0,0.0,334000000.0,4836000000.0,4502000000.0
CAG,2019-05-26,28.89,4.44E8,12827160000.0,236600000.0,10480400000.0,23070960000.0
CAG,2018-05-27,38.23,4.039E8,15441096999.999998,128000000.0,3342600000.0,18655697000.0
CAG,2017-05-28,37.0,4.319E8,15980300000.0,251400000.0,2772300000.0,18501200000.0
CAG,2016-05-29,36.65,4.344E8,15920760000.0,834500000.0,5293300000.0,20379560000.0
CAG,2015-05-31,34.02,4.261E8,14495922000.000002,183100000.0,7701000000.0,22013822000.0
CAG,2014-05-25,22.43,4.213E8,9449759000.0,183100000.0,8655900000.0,17922559000.0
CAG,2013-05-26,25.89,4.108E8,10635612000.0,183900000.0,9208900000.0,19660612000.0
CAG,2012-05-27,19.63,0.0,0.0,0.0,0.0,0.0
CAG,2011-05-29,20.02,0.0,0.0,0.0,0.0,0.0
CAG,2010-05-30,18.37,0.0,0.0,0.0,0.0,0.0
CAG,2009-05-31,14.83,4.47231212E8,6632438873.96,243200000.0,3483000000.0,9872238873.96
PEP,2019-12-28,142.14,1.399E9,198853859999.99997,5509000000.0,32068000000.0,225412859999.99997
PEP,2018-12-29,108.82,1.415E9,153980300000.0,8721000000.0,32321000000.0,177580300000.0
PEP,2017-12-30,119.67,1.425E9,170529750000.0,10610000000.0,39281000000.0,199200750000.0
PEP,2016-12-31,103.69,1.439E9,149209910000.0,9158000000.0,36945000000.0,176996910000.0
PEP,2015-12-26,95.94,1.469E9,140935860000.0,9096000000.0,33284000000.0,165123860000.0
PEP,2014-12-27,98.69,1.509E9,148923210000.0,6134000000.0,28897000000.0,171686210000.0
PEP,2013-12-28,82.06,1.541E9,126454460000.0,9375000000.0,29639000000.0,146718460000.0
PEP,2012-12-29,72.61,1.557E9,113053770000.0,6297000000.0,28359000000.0,135115770000.0
PEP,2011-12-31,65.41,1.576E9,103086160000.0,4067000000.0,26773000000.0,125792160000.0
PEP,2010-12-25,66.18,1.59E9,105226200000.00002,5943000000.0,24897000000.0,124180200000.00002
PEP,2009-12-26,60.23,1.560444589E9,93985577595.47,3943000000.0,7864000000.0,97906577595.47
COTY,2019-06-30,12.34,7.512E8,9269808000.0,340400000.0,7663700000.0,16593108000.0
COTY,2018-06-30,13.25,7.497E8,9933525000.0,331600000.0,7524300000.0,17126225000.0
COTY,2017-06-30,18.94,6.428E8,12174632000.0,535400000.0,7137400000.0,18776632000.0
COTY,2016-06-30,26.34,3.455E8,9100470000.0,372400000.0,4162800000.0,12890870000.0
COTY,2015-06-30,25.22,3.533E8,8910226000.0,341300000.0,2634700000.0,11203626000.0
COTY,2014-06-30,16.61,3.817E8,6340037000.0,1238000000.0,3293500000.0,8395537000.0
COTY,2013-06-30,17.36,3.8283052E8,6645937827.2,920400000.0,2630200000.0,8355737827.2
MNST,2019-12-31,67.01,5.42191E8,36332218910.0,797957000.0,313120000.0,35847381910.0
MNST,2018-12-31,56.22,5.57166E8,31323872520.0,637513000.0,800000.0,30687159520.0
MNST,2017-12-31,67.9,5.66782E8,38484497800.0,528622000.0,1300000.0,37957175800.0
MNST,2016-12-31,42.43,5.87874E8,24943493820.0,377582000.0,1100000.0,24567011820.0
MNST,2015-12-31,45.01,1.88816E8,8498608160.0,2175417000.0,800000.0,6323991160.0
MNST,2014-12-31,38.98,1.67257E8,6519677859.999999,370323000.0,400000.0,6149754859.999999
MNST,2014-03-31,22.32,0.0,0.0,312020000.0,0.0,-312020000.0
MNST,2013-12-31,22.89,1.66679E8,3815282310.0,211349000.0,1300000.0,3605233310.0
MNST,2012-12-31,16.06,1.73712E8,2789814720.0,222514000.0,500000.0,2567800720.0
MNST,2011-12-31,17.58,1.76212E8,3097806959.9999995,359331000.0,1100000.0,2739575959.9999995
MNST,2010-12-31,9.19,8.8514E7,813443660.0,354842000.0,274000.0,458875660.0
MNST,2009-12-31,6.41,5.34541206E8,3426409130.46,328349000.0,206000.0,3098266130.46
SJM,2019-04-30,115.73,1.131E8,13089063000.0,101300000.0,5484800000.0,18472563000.0
SJM,2018-04-30,119.77,1.13E8,13534010000.0,192600000.0,4688000000.0,18029410000.0
SJM,2017-04-30,131.08,1.15471395E8,15135990456.600002,166800000.0,4944500000.0,19913690456.600002
SJM,2016-04-30,129.84,1.18918701E8,15440404137.84,109800000.0,5430000000.0,20760604137.84
SJM,2015-04-30,115.73,0.0,0.0,125600000.0,5944900000.0,5819300000.0
SJM,2014-04-30,97.24,0.0,0.0,153500000.0,1979800000.0,1826300000.0
SJM,2013-04-30,98.95,1.08827897E8,10768520408.15,256400000.0,2017800000.0,12529920408.15
SJM,2012-04-30,81.44,0.0,0.0,0.0,0.0,0.0
SJM,2011-04-30,71.39,0.0,0.0,0.0,0.0,0.0
SJM,2010-04-30,60.26,1.19122549E8,7178324802.74,283570000.0,910000000.0,7804754802.74
CL,2019-12-31,69.47,8.591E8,59681677000.0,883000000.0,7587000000.0,66385677000.0
CL,2018-12-31,63.95,8.706E8,55674870000.0,726000000.0,6354000000.0,61302870000.0
CL,2017-12-31,74.67,8.818E8,65844006000.0,1535000000.0,6566000000.0,70875006000.0
CL,2016-12-31,64.53,8.918E8,57547854000.0,1315000000.0,6520000000.0,62752854000.0
CL,2015-12-31,67.53,9.022E8,60925566000.0,970000000.0,6567000000.0,66522566000.0
CL,2014-12-31,67.52,9.151E8,61787552000.0,1089000000.0,6132000000.0,66830552000.0
CL,2013-12-31,61.49,9.308E8,57234892000.0,962000000.0,5644000000.0,61916892000.0
CL,2012-12-31,55.42,4.761E8,26385462000.0,884000000.0,5176000000.0,30677462000.0
CL,2011-12-31,44.76,4.883E8,21856308000.0,878000000.0,4776000000.0,25754308000.0
CL,2010-12-31,38.49,4.878E8,18775422000.0,490000000.0,3376000000.0,21661422000.0
CL,2009-12-31,40.01,9.94382256E8,39785234062.56,600000000.0,3182000000.0,42367234062.56
ADM,2019-12-31,45.8,5.63E8,25785400000.0,852000000.0,7679000000.0,32612400000.0
ADM,2018-12-31,44.69,5.64E8,25205160000.0,1997000000.0,8280000000.0,31488160000.0
ADM,2017-12-31,42.48,5.69E8,24171120000.0,804000000.0,6636000000.0,30003120000.0
ADM,2016-12-31,44.13,5.88E8,25948440000.0,619000000.0,6777000000.0,32106440000.0
ADM,2015-12-31,35.35,6.18E8,21846300000.0,910000000.0,5791000000.0,26727300000.0
ADM,2014-12-31,46.63,6.53E8,30449390000.0,1099000000.0,5582000000.0,34932390000.0
ADM,2013-12-31,39.51,6.61E8,26116110000.0,3121000000.0,6512000000.0,29507110000.0
ADM,2012-12-31,28.69,0.0,0.0,1714000000.0,6724000000.0,5010000000.0
ADM,2012-06-30,27.49,6.65E8,18280850000.0,1291000000.0,8212000000.0,25201850000.0
ADM,2011-06-30,30.38,6.42E8,19503960000.0,615000000.0,8444000000.0,27332960000.0
ADM,2010-06-30,27.36,6.43E8,17592480000.0,1046000000.0,7174000000.0,23720480000.0
ADM,2009-06-30,30.22,6.43E8,19431460000.0,1055000000.0,7996000000.0,26372460000.0
CHD,2019-12-31,72.78,2.462E8,17918436000.0,155700000.0,1810200000.0,19572936000.0
CHD,2018-12-31,63.2,2.455E8,15515600000.0,316700000.0,2105300000.0,17304200000.0
CHD,2017-12-31,49.1,2.506E8,12304460000.0,278900000.0,2374300000.0,14399860000.0
CHD,2016-12-31,45.31,2.576E8,11671856000.0,187800000.0,1120200000.0,12604256000.0
CHD,2015-12-31,42.0,1.311E8,5506200000.0,330000000.0,692800000.0,5869000000.0
CHD,2014-12-31,40.46,1.351E8,5466146000.0,423000000.0,948500000.0,5991646000.0
CHD,2013-12-31,32.25,1.386E8,4469850000.0,496900000.0,803300000.0,4776250000.0
CHD,2012-12-31,28.86,1.401E8,4043286000.0,343000000.0,903200000.0,4603486000.0
CHD,2011-12-31,22.65,1.432E8,3243480000.0,251400000.0,252300000.0,3244380000.0
CHD,2010-12-31,17.24,7.1031E7,1224574440.0,189202000.0,249673000.0,1285045440.0
CHD,2009-12-31,15.07,2.81380252E8,4240400397.64,447143000.0,816296000.0,4609553397.639999
BG,2019-12-31,52.47,1.41492289E8,7424100403.83,320000000.0,4223000000.0,11327100403.83
BG,2018-12-31,54.41,1.4096898E8,7670122201.799999,389000000.0,4622000000.0,11903122201.8
BG,2017-12-31,79.95,1.40365549E8,11222225642.550001,601000000.0,4175000000.0,14796225642.550001
BG,2016-12-31,67.81,1.39845124E8,9482897858.44,934000000.0,4007000000.0,12555897858.44
BG,2015-12-31,62.01,1.43671546E8,8909072567.46,411000000.0,3803000000.0,12301072567.46
BG,2014-12-31,89.53,1.46209508E8,13090137251.24,362000000.0,3263000000.0,15991137251.24
BG,2013-12-31,76.64,1.47204082E8,11281720844.48,0.0,3941000000.0,15222720844.48
BG,2012-12-31,78.56,1.46000541E8,11469802500.960001,0.0,4251000000.0,15720802500.960001
BG,2011-12-31,57.36,1.46583128E8,8408008222.08,0.0,3362000000.0,11770008222.08
BG,2010-12-31,66.82,1.41191136E8,9434391707.519999,578000000.0,3163000000.0,12019391707.519999
BG,2009-12-31,58.79,1.34081548E8,7882654206.92,553000000.0,3815000000.0,11144654206.92
PBH,2019-03-31,29.42,5.2068E7,1531840560.0,27530000.0,1798598000.0,3302908560.0
PBH,2018-03-31,29.44,5.3099E7,1563234560.0,32548000.0,1992952000.0,3523638560.0
PBH,2017-03-31,57.41,5.2976E7,3041352160.0,41855000.0,2193732000.0,5193229160.0
PBH,2016-03-31,56.78,5.2754E7,2995372120.0,27230000.0,1625309000.0,4593451120.0
PBH,2015-03-31,39.25,5.217E7,2047672500.0,21318000.0,1588711000.0,3615065500.0
PBH,2014-03-31,33.52,5.1641E7,1731006320.0000002,28331000.0,934414000.0,2637089320.0
PBH,2013-03-31,26.95,5.0633E7,1364559350.0,15670000.0,970900000.0,2319789350.0
PBH,2012-03-31,16.99,5.027E7,854087299.9999999,19015000.0,1123908000.0,1958980300.0
PBH,2011-03-31,11.55,5.0228582E7,580140122.1,13334000.0,486945000.0,1053751122.1
PBH,2010-03-31,9.7,5.002989E7,485289932.99999994,41097000.0,324144000.0,768336933.0
AVP,2019-12-31,4.65,0.0,0.0,650600000.0,1592200000.0,941600000.0
AVP,2018-12-31,2.15,4.419E8,950085000.0,532700000.0,1593600000.0,2010985000.0
AVP,2017-12-31,2.05,4.397E8,901384999.9999999,881500000.0,1897900000.0,1917785000.0
AVP,2016-12-31,5.11,4.37E8,2233070000.0,654400000.0,1893900000.0,3472570000.0
AVP,2015-12-31,3.49,4.352E8,1518848000.0,686900000.0,2214800000.0,3046748000.0
AVP,2014-12-31,9.61,4.345E8,4175544999.9999995,960500000.0,2601000000.0,5816045000.0
AVP,2013-12-31,17.75,4.334E8,7692850000.0,1107900000.0,2720700000.0,9305650000.0
AVP,2012-12-31,14.03,4.319E8,6059557000.0,1209600000.0,3195900000.0,8045857000.0
AVP,2011-12-31,16.74,4.305E8,7206569999.999999,1245100000.0,3308400000.0,9269870000.0
AVP,2010-12-31,29.36,4.2875E8,12588100000.0,1179900000.0,3136200000.0,14544400000.0
AVP,2009-12-31,35.05,4.27056045E8,14968314377.249998,1298100000.0,2445000000.0,16115214377.249998
POST,2019-09-30,103.75,7.08E7,7345500000.0,1050700000.0,7079500000.0,13374300000.0
POST,2018-09-30,87.46,6.66E7,5824836000.0,989700000.0,7254200000.0,12089336000.0
POST,2017-09-30,81.57,6.78E7,5530446000.0,1525900000.0,7171200000.0,11175746000.0
POST,2016-09-30,76.73,6.88E7,5279024000.0,1143600000.0,4563500000.0,8698924000.0
POST,2015-09-30,64.27,5.67E7,3644109000.0,841400000.0,4527400000.0,7330109000.0
POST,2014-09-30,36.83,3.97E7,1462151000.0,268400000.0,3856100000.0,5049851000.0
POST,2013-09-30,43.15,3.27E7,1411005000.0,402000000.0,1408600000.0,2417605000.0
POST,2012-09-30,31.37,3.43E7,1075991000.0,58200000.0,945600000.0,1963391000.0
EL,2019-06-30,188.98,3.635E8,68694230000.0,2987000000.0,3412000000.0,69119230000.0
EL,2018-06-30,134.06,3.68E8,49334080000.0,2181000000.0,3544000000.0,50697080000.0
EL,2017-06-30,99.0,3.671E8,36342900000.0,1136000000.0,3572000000.0,38778900000.0
EL,2016-06-30,92.9,3.7E8,34373000000.0,914100000.0,2241500000.0,35700400000.0
EL,2015-06-30,89.53,3.793E8,33958729000.0,1021400000.0,1637300000.0,34574629000.0
EL,2014-06-30,74.27,3.82798523E8,28430446303.21,1629100000.0,1343100000.0,28144446303.21
EL,2013-06-30,65.6,3.8786517E8,25443955151.999996,1495700000.0,1344300000.0,25292555151.999996
EL,2012-06-30,53.83,3.88732497E8,20925470313.51,1347700000.0,1288100000.0,20865870313.51
EL,2011-06-30,52.46,3.93150462E8,20624673236.52,1253000000.0,1218100000.0,20589773236.52
EL,2010-06-30,31.13,3.98061296E8,12391648144.48,1120700000.0,1228400000.0,12499348144.48
EL,2009-06-30,18.25,3.926E8,7164950000.0,864500000.0,1421400000.0,7721850000.0
LW,2019-05-26,62.54,1.465E8,9162110000.0,12200000.0,2318200000.0,11468110000.0
LW,2018-05-27,68.63,1.463E8,10040569000.0,55600000.0,2375400000.0,12360369000.0
LW,2017-05-28,44.69,1.461E8,6529209000.0,57100000.0,2402900000.0,8875009000.0
PPC,2019-12-29,27.52,2.49401E8,6863515520.0,260568000.0,261774000.0,6864721520.0
PPC,2018-12-30,19.73,2.48945E8,4911684850.0,338386000.0,30405000.0,4603703850.0
PPC,2017-12-31,29.62,2.48738E8,7367619560.0,581510000.0,47775000.0,6833884560.0
PPC,2016-12-25,18.85,2.53669E8,4781660650.0,120328000.0,1011952000.0,5673284650.0
PPC,2015-12-27,21.65,2.58442E8,5595269300.0,439638000.0,985595000.0,6141226300.0
PPC,2014-12-28,37.02,2.58974E8,9587217480.0,576143000.0,4242000.0,9015316480.0
PPC,2013-12-29,15.55,0.0,0.0,0.0,0.0,0.0
PPC,2012-12-30,8.59,2.24996E8,1932715640.0,68180000.0,1164756000.0,3029291640.0
PPC,2011-12-25,5.75,2.14282E8,1232121500.0,41609000.0,1423612000.0,2614124500.0
PPC,2010-12-26,7.3,2.14281914E8,1564257972.2,167030000.0,1339304000.0,2736531972.2
PPC,2009-09-26,6.25,7.4055733E7,462848331.25,220029000.0,2274223000.0,2517042331.25
HLF,2019-12-31,39.5,1.374E8,5427300000.0,839400000.0,1803000000.0,6390900000.0
HLF,2018-12-31,58.91,1.402E8,8259181999.999999,1198900000.0,2453800000.0,9514082000.0
HLF,2017-12-31,41.47,7.92E7,3284424000.0,1278800000.0,2268100000.0,4273724000.0
HLF,2016-12-31,27.84,8.3E7,2310720000.0,844000000.0,1447900000.0,2914620000.0
HLF,2015-12-31,23.11,8.26E7,1908886000.0,889800000.0,1622000000.0,2641086000.0
HLF,2014-12-31,15.24,8.63E7,1315212000.0,645400000.0,1811700000.0,2481512000.0
HLF,2013-12-31,32.38,1.0262E8,3322835600.0000005,972974000.0,931269000.0,3281130600.0000005
HLF,2012-12-31,18.55,1.12359E8,2084259450.0,333534000.0,487607000.0,2238332450.0
HLF,2011-12-31,28.53,0.0,0.0,0.0,0.0,0.0
HLF,2010-12-31,16.33,0.0,0.0,0.0,0.0,0.0
HLF,2009-12-31,9.71,2.43615524E8,2365506738.0400004,150801000.0,250333000.0,2465038738.0400004
MGPI,2019-12-31,33.8,1.7012288E7,575015334.4,3309000.0,41059000.0,612765334.4
MGPI,2018-12-31,70.99,1.6866176E7,1197329834.24,5025000.0,21426000.0,1213730834.24
MGPI,2017-12-31,79.99,1.6746731E7,1339571012.6899998,3084000.0,3147000.0,1339634012.6899998
MGPI,2016-12-31,41.88,1.6643811E7,697042804.6800001,1569000.0,19783000.0,715256804.6800001
MGPI,2015-12-31,22.38,1.7123556E7,383225183.28,747000.0,10924000.0,393402183.28
MGPI,2014-12-31,15.86,1.7305866E7,274471034.76,5641000.0,10283000.0,279113034.76
MGPI,2013-12-31,5.53,1.7069455E7,94394086.15,2857000.0,5168000.0,96705086.15
MGPI,2012-12-31,3.79,1.6951168E7,64244926.72,724000.0,6851000.0,70371926.72
MGPI,2011-12-31,6.05,0.0,0.0,383000.0,8522000.0,8139000.0
MGPI,2011-06-30,7.87,1.7814158E7,140197423.46,9226000.0,14065000.0,145036423.46
MGPI,2010-06-30,7.58,1.6673075E7,126381908.5,8073000.0,2771000.0,121079908.5
MGPI,2009-06-30,2.81,1.6598585E7,46642023.85,1361000.0,30612000.0,75893023.85
TSN,2019-09-28,91.72,2.93E8,26873960000.0,484000000.0,11932000000.0,38321960000.0
TSN,2018-09-29,62.55,2.95E8,18452250000.0,270000000.0,9873000000.0,28055250000.0
TSN,2017-09-30,63.3,2.96E8,18736800000.0,318000000.0,10203000000.0,28621800000.0
TSN,2016-10-01,75.48,3.15E8,23776200000.0,349000000.0,6279000000.0,29706200000.0
TSN,2015-10-03,42.69,3.35E8,14301150000.0,688000000.0,6725000000.0,20338150000.0
TSN,2014-09-27,38.04,7.0E7,2662800000.0,438000000.0,8178000000.0,10402800000.0
TSN,2013-09-28,28.91,2.82E8,8152620000.0,1145000000.0,2408000000.0,9415620000.0
TSN,2012-09-29,15.46,7.0E7,1082200000.0,1071000000.0,2432000000.0,2443200000.0
TSN,2011-10-01,17.44,3.03E8,5284320000.0,716000000.0,2182000000.0,6750320000.0
TSN,2010-10-02,16.04,3.77452424E8,6054336880.96,978000000.0,2536000000.0,7612336880.96
TSN,2009-10-03,11.98,3.76936152E8,4515695100.96,1187000000.0,3477000000.0,6805695100.96
HSY,2019-12-31,158.14,1.48841E8,23537715739.999996,493262000.0,4234203000.0,27278656739.999996
HSY,2018-12-31,105.58,6.0614E7,6399626120.0,587998000.0,3259667000.0,9071295120.0
HSY,2017-12-31,109.53,6.062E7,6639708600.0,380179000.0,2361121000.0,8620650600.0
HSY,2016-12-31,105.07,6.062E7,6369343400.0,296967000.0,2347698000.0,8420074400.0
HSY,2015-12-31,88.11,6.062E7,5341228200.0,346529000.0,2057014000.0,7051713200.0
HSY,2014-12-31,102.21,2.22555E8,22747346550.0,374854000.0,1799768000.0,24172260550.0
HSY,2013-12-31,99.25,1.63549E8,16232238250.0,1118508000.0,1796056000.0,16909786250.0
HSY,2012-12-31,78.28,1.64406E8,12869701680.0,728272000.0,1788701000.0,13930130680.0
HSY,2011-12-31,61.7,0.0,0.0,693686000.0,1846093000.0,1152407000.0
HSY,2010-12-31,47.04,0.0,0.0,884642000.0,1803217000.0,918575000.0
HSY,2009-12-31,36.43,2.2772006E8,8295841785.8,253605000.0,1542043000.0,9584279785.8
CLX,2019-06-30,165.17,1.27734E8,21097824780.0,111000000.0,2683000000.0,23669824780.0
CLX,2018-06-30,134.62,1.29293E8,17405423660.0,131000000.0,2284000000.0,19558423660.0
CLX,2017-06-30,132.77,1.28953E8,17121089810.000002,418000000.0,1791000000.0,18494089810.0
CLX,2016-06-30,131.07,1.29340425E8,16952649504.75,401000000.0,2312000000.0,18863649504.75
CLX,2015-06-30,112.03,1.31178212E8,14695895090.36,382000000.0,2191000000.0,16504895090.36
CLX,2014-06-30,88.05,0.0,0.0,0.0,0.0,0.0
CLX,2013-06-30,86.03,0.0,0.0,0.0,0.0,0.0
CLX,2012-06-30,73.04,1.30852E8,9557430080.0,267000000.0,2421000000.0,11711430080.0
CLX,2011-06-30,71.59,1.36699E8,9786281410.0,259000000.0,2584000000.0,12111281410.0
CLX,2010-06-30,64.88,1.40272E8,9100847360.0,87000000.0,0.0,9013847360.0
CLX,2009-06-30,60.79,1.39015E8,8450721850.0,206000000.0,3149000000.0,11393721850.0
SPB,2019-09-30,50.36,5.07E7,2553252000.0,627100000.0,2351300000.0,4277452000.0
SPB,2018-09-30,64.89,3.69E7,2394441000.0,552500000.0,4672500000.0,6514441000.0
SPB,2017-09-30,98.21,1.9999E8,19641017900.0,270100000.0,5774100000.0,25145017900.0
SPB,2016-09-30,92.72,1.98374E8,18393237280.0,497300000.0,0.0,17895937280.0
SPB,2015-09-30,83.02,1.98142E8,16449748840.0,1197000000.0,0.0,15252748840.0
SPB,2014-09-30,81.11,1.62941E8,13216144510.0,1319200000.0,0.0,11896944510.0
SPB,2013-09-30,67.22,1.39856E8,9401120320.0,1899700000.0,0.0,7501420320.0
SPB,2012-09-30,53.27,1.39356E8,7423494120.0,1470711000.0,514153000.0,6466936120.0
SPB,2011-09-30,32.04,0.0,0.0,0.0,0.0,0.0
SPB,2010-09-30,31.85,0.0,0.0,1470700000.0,1743767000.0,273067000.0
THS,2019-12-31,44.63,5.62E7,2508206000.0,202300000.0,2107000000.0,4412906000.0
THS,2018-12-31,57.33,5.6E7,3210480000.0,164300000.0,2298600000.0,5344780000.0
THS,2017-12-31,47.46,5.71E7,2709966000.0,132800000.0,2545800000.0,5122966000.0
THS,2016-12-31,74.95,5.5717E7,4175989150.0,62111000.0,2791181000.0,6905059150.0
THS,2015-12-31,79.36,4.3052E7,3416606720.0,34919000.0,1236634000.0,4618321720.0
THS,2014-12-31,90.7,3.9348E7,3568863600.0,51981000.0,1459861000.0,4976743600.0
THS,2013-12-31,66.15,3.6418E7,2409050700.0,46475000.0,940496000.0,3303071700.0
THS,2012-12-31,52.83,3.6155E7,1910068650.0,94407000.0,900044000.0,2715705650.0
THS,2011-12-31,56.63,3.5805E7,2027637150.0,3279000.0,904883000.0,2929241150.0
THS,2010-12-31,48.17,3.5079E7,1689755430.0,6323000.0,977428000.0,2660860430.0
THS,2009-12-31,38.74,3.1928672E7,1236916753.28,4415000.0,402546000.0,1635047753.28
IPAR,2019-12-31,70.28,3.1451093E7,2210382816.04,192417000.0,23060000.0,2041025816.04
IPAR,2018-12-31,62.48,3.1307991E7,1956123277.6799998,193136000.0,46061000.0,1809048277.6799998
IPAR,2017-12-31,44.1,3.1172285E7,1374697768.5,208343000.0,60579000.0,1226933768.5
IPAR,2016-12-31,33.6,3.1072328E7,1044030220.8000001,161828000.0,74562000.0,956764220.8000001
IPAR,2015-12-31,26.57,3.0996137E7,823567360.09,176967000.0,98606000.0,745206360.09
IPAR,2014-12-31,25.69,3.0942868E7,794922278.9200001,90138000.0,298000.0,705082278.9200001
IPAR,2013-12-31,36.69,0.0,0.0,0.0,0.0,0.0
IPAR,2012-12-31,20.02,0.0,0.0,0.0,0.0,0.0
IPAR,2011-12-31,17.31,3.0514529E7,528206496.98999995,35856000.0,4480000.0,496830496.98999995
IPAR,2010-12-31,18.97,3.0445881E7,577558362.5699999,37548000.0,21379000.0,561389362.5699999
IPAR,2009-12-31,11.32,3.0079589E7,340500947.48,100467000.0,34615000.0,274648947.48
INGR,2019-12-31,91.12,6.69E7,6095928000.0,264000000.0,1848000000.0,7679928000.0
INGR,2018-12-31,99.15,7.09E7,7029735000.0,327000000.0,2100000000.0,8802735000.0
INGR,2017-12-31,143.0,7.2E7,10296000000.0,595000000.0,1864000000.0,11565000000.0
INGR,2016-12-31,127.15,7.23E7,9192945000.0,512000000.0,1956000000.0,10636945000.0
INGR,2015-12-31,100.72,7.16E7,7211552000.0,434000000.0,1838000000.0,8615552000.0
INGR,2014-12-31,80.64,7.36E7,5935104000.0,580000000.0,1827000000.0,7182104000.0
INGR,2013-12-31,61.98,7.7E7,4772460000.0,574000000.0,1810000000.0,6008460000.0
INGR,2012-12-31,66.28,7.65E7,5070420000.0,609000000.0,1800000000.0,6261420000.0
INGR,2011-12-31,55.28,7.64E7,4223392000.0,401000000.0,1949000000.0,5771392000.0
INGR,2010-12-31,46.91,7.56E7,3546395999.9999995,302000000.0,1769000000.0,5013396000.0
INGR,2009-12-31,28.42,7.4853506E7,2127336640.5200002,175000000.0,544000000.0,2496336640.5200005
SAFM,2019-10-31,148.72,2.1829E7,3246408880.0,95417000.0,55000000.0,3205991880.0
SAFM,2018-10-31,99.38,2.2429E7,2228994020.0,121193000.0,0.0,2107801020.0
SAFM,2017-10-31,162.91,2.2393E7,3648043630.0,419285000.0,0.0,3228758630.0
SAFM,2016-10-31,96.19,2.2225E7,2137822750.0,234111000.0,0.0,1903711750.0
SAFM,2015-10-31,69.08,2.2243E7,1536546440.0,196659000.0,10000000.0,1349887440.0
SAFM,2014-10-31,87.39,2.2441E7,1961118990.0,165610000.0,20000000.0,1815508990.0
SAFM,2013-10-31,65.05,2.2363E7,1454713150.0,85563000.0,40213000.0,1409363150.0
SAFM,2012-10-31,44.95,2.228E7,1001486000.0000001,27802000.0,160969000.0,1134653000.0
SAFM,2011-10-31,45.87,2.213E7,1015103100.0,11075000.0,284776000.0,1288804100.0
SAFM,2010-10-31,43.36,2.2738395E7,985936807.1999999,73419000.0,63123000.0,975640807.1999999
SAFM,2009-10-31,37.15,2.0329303E7,755233606.4499999,8194000.0,104145000.0,851184606.4499999
EPC,2019-09-30,35.82,5.41E7,1937862000.0,341600000.0,1214800000.0,2811062000.0
EPC,2018-09-30,47.14,5.44E7,2564416000.0,266400000.0,1288700000.0,3586716000.0
EPC,2017-09-30,64.61,5.73E7,3702153000.0,502900000.0,1525400000.0,4724653000.0
EPC,2016-09-30,76.0,5.92E7,4499200000.0,738900000.0,1826000000.0,5586300000.0
EPC,2015-09-30,84.71,6.2E7,5252020000.0,712100000.0,1704000000.0,6243920000.0
EPC,2014-09-30,89.64,6.2E7,5557680000.0,1129000000.0,1998900000.0,6427580000.0
EPC,2013-09-30,71.99,6.21E7,4470579000.0,998300000.0,2138800000.0,5611079000.0
EPC,2012-09-30,53.57,6.49E7,3476693000.0,718500000.0,2370100000.0,5128293000.0
EPC,2011-09-30,55.73,6.96E7,3878808000.0,471200000.0,2312500000.0,5720108000.0
EPC,2010-09-30,55.43,0.0,0.0,629700000.0,2288500000.0,1658800000.0
EPC,2009-09-30,45.12,6.9404727E7,3131541282.24,359300000.0,2558600000.0,5330841282.24
CALM,2019-06-01,41.84,4.8467E7,2027859280.0000002,69247000.0,2337000.0,1960949280.0000002
CALM,2018-06-02,46.35,4.8353E7,2241161550.0,48431000.0,6090000.0,2198820550.0
CALM,2017-06-03,39.35,4.8362E7,1903044700.0,17564000.0,10939000.0,1896419700.0
CALM,2016-05-28,41.77,4.8195E7,2013105150.0000002,29046000.0,25570000.0,2009629150.0000002
CALM,2015-05-30,51.03,4.8136E7,2456380080.0,8667000.0,50860000.0,2498573080.0
CALM,2014-05-31,37.16,2.4047E7,893586519.9999999,14521000.0,61093000.0,940158519.9999999
CALM,2013-06-01,23.68,2.3983E7,567917440.0,24984000.0,65020000.0,607953440.0
CALM,2012-06-02,20.23,2.3875E7,482991250.0,97128000.0,76220000.0,462083250.0
CALM,2011-05-28,15.51,4.7730182E7,740295122.8199999,57679000.0,88161000.0,770777122.8199999
CALM,2010-05-29,16.88,4.7650182E7,804335072.16,99453000.0,134673000.0,839555072.16
CALM,2009-05-30,12.59,4.7538E7,598503420.0,66883000.0,129789000.0,661409420.0
FIZZ,2019-04-27,56.5,4.6633E7,2634764500.0,156200000.0,0.0,2478564500.0
FIZZ,2018-04-28,89.02,4.6598E7,4148153960.0,189864000.0,0.0,3958289960.0
FIZZ,2017-04-29,84.04,4.6564E7,3913238560.0000005,136372000.0,0.0,3776866560.0000005
FIZZ,2016-04-30,42.32,4.6452E7,1965848640.0,105577000.0,0.0,1860271640.0
FIZZ,2015-05-02,24.58,4.6353E7,1139356740.0,52456000.0,20000000.0,1106900740.0
FIZZ,2014-05-03,19.11,4.6331E7,885385410.0,29932000.0,60000000.0,915453410.0
FIZZ,2013-04-27,14.05,4.631E7,650655500.0,18267000.0,100000000.0,732388500.0
FIZZ,2012-04-28,16.13,4.6267E7,746286710.0,35626000.0,0.0,710660710.0
FIZZ,2011-04-30,13.73,4.6227015E7,634696915.95,7372000.0,0.0,627324915.95
FIZZ,2010-05-01,11.13,4.6144083E7,513583643.79,68566000.0,0.0,445017643.79
FDP,2019-12-27,32.29,4.8291345E7,1559327530.05,33300000.0,587100000.0,2113127530.05
FDP,2018-12-28,30.88,4.8625175E7,1501545404.0,21300000.0,662400000.0,2142645404.0
FDP,2017-12-29,48.32,5.0247881E7,2427977609.92,25100000.0,357600000.0,2760477609.92
FDP,2016-12-30,57.17,5.1507755E7,2944698353.35,20100000.0,232300000.0,3156898353.35
FDP,2016-01-01,40.81,5.2750212E7,2152736151.7200003,24900000.0,254200000.0,2382036151.7200003
FDP,2014-12-26,34.48,5.5966531E7,1929725988.8799999,34100000.0,266900000.0,2162525988.88
FDP,2013-12-27,26.98,5.6426294E7,1522381412.1200001,42500000.0,251400000.0,1731281412.1200001
FDP,2012-12-28,26.38,5.7937245E7,1528384523.1,39900000.0,126200000.0,1614684523.1
FDP,2011-12-30,24.57,5.8893832E7,1447021452.24,46900000.0,215500000.0,1615621452.24
FDP,2010-12-31,26.3,0.0,0.0,0.0,0.0,0.0
FDP,2010-01-01,20.33,6.3601411E7,1293016685.6299999,34500000.0,325200000.0,1583716685.6299999
NUS,2019-12-31,34.2,5.5518E7,1898715600.0000002,335630000.0,361961000.0,1925046600.0000002
NUS,2018-12-31,63.63,5.517E7,3510467100.0,386911000.0,430463000.0,3554019100.0
NUS,2017-12-31,73.07,5.2806E7,3858534419.9999995,426399000.0,388630000.0,3820765419.9999995
NUS,2016-12-31,51.61,5.5412E7,2859813320.0,0.0,0.0,2859813320.0
NUS,2015-12-31,31.65,5.7997E7,1835605050.0,289354000.0,249594000.0,1795845050.0
NUS,2014-12-31,40.98,5.9073E7,2420811540.0,288415000.0,247337000.0,2379733540.0
NUS,2013-12-31,84.69,5.8606E7,4963342140.0,525153000.0,181676000.0,4619865140.0
NUS,2012-12-31,41.69,6.06E7,2526414000.0,320025000.0,193982000.0,2400371000.0
NUS,2011-12-31,50.48,6.2066E7,3133091680.0,272974000.0,136552000.0,2996669680.0
NUS,2010-12-31,30.07,6.237E7,1875465900.0,230337000.0,160878000.0,1806006900.0
NUS,2009-12-31,23.24,6.2726088E7,1457754285.12,158045000.0,156519000.0,1456228285.12
CENTA,2019-09-28,28.39,5.677E7,1611700300.0,497749000.0,693150000.0,1807101300.0
CENTA,2018-09-29,28.71,5.1716E7,1484766360.0,482106000.0,692153000.0,1694813360.0
CENTA,2018-09-01,33.04,0.0,0.0,482000000.0,692000000.0,210000000.0
CENTA,2017-09-30,36.08,5.023E7,1812298400.0,32397000.0,395653000.0,2175554400.0
CENTA,2017-09-01,37.19,0.0,0.0,32000000.0,395000000.0,363000000.0
CENTA,2016-09-24,23.89,4.8964E7,1169749960.0,92982000.0,395269000.0,1472036960.0
CENTA,2016-09-01,24.8,0.0,0.0,93000000.0,395000000.0,302000000.0
CENTA,2015-09-26,17.9,4.8562E7,869259799.9999999,47584000.0,400139000.0,1221814800.0
CENTA,2015-09-01,16.33,0.0,0.0,48000000.0,400000000.0,352000000.0
CENTA,2014-09-27,7.7,4.888E7,376376000.0,78676000.0,450239000.0,747939000.0
CENTA,2014-09-01,8.1,0.0,0.0,79000000.0,450000000.0,371000000.0
CENTA,2013-09-28,7.38,4.8094E7,354933720.0,15156000.0,472587000.0,812364720.0
CENTA,2012-09-29,11.41,4.7622E7,543367020.0,48475000.0,449814000.0,944706020.0
CENTA,2011-09-24,8.55,5.6217E7,480655350.00000006,12031000.0,435609000.0,904233350.0
CVGW,2019-10-31,93.07,1.7519E7,1630493329.9999998,7973000.0,6174000.0,1628694329.9999998
CVGW,2018-10-31,96.41,1.7477E7,1684957570.0,1520000.0,432000.0,1683869570.0
CVGW,2017-10-31,74.8,1.7416E7,1302716800.0,6625000.0,568000.0,1296659800.0
CVGW,2016-10-31,65.61,1.7347E7,1138136670.0,13842000.0,583000.0,1124877670.0
CVGW,2015-10-31,44.09,1.7295E7,762536550.0,7171000.0,2792000.0,758157550.0
CVGW,2014-10-31,43.73,1.5765E7,689403450.0,6744000.0,7890000.0,690549450.0
CVGW,2013-10-31,30.31,1.4856E7,450285360.0,8019000.0,13050000.0,455316360.0
CVGW,2012-10-31,25.51,0.0,0.0,0.0,19555000.0,19555000.0
CVGW,2011-10-31,19.1,0.0,0.0,0.0,0.0,0.0
CVGW,2010-10-31,21.47,1.4656833E7,314682204.51,1064000.0,15608000.0,329226204.51
CVGW,2009-10-31,18.6,1.4504833E7,269789893.8,875000.0,20794000.0,289708893.8
CENT,2019-09-28,26.54,5.677E7,1506675800.0,497749000.0,693150000.0,1702076800.0
CENT,2018-09-29,39.57,5.1716E7,2046402120.0,482106000.0,692153000.0,2256449120.0
CENT,2017-09-30,35.25,5.023E7,1770607500.0,32397000.0,395653000.0,2133863500.0
CENT,2016-09-24,26.13,4.8964E7,1279429320.0,92982000.0,395269000.0,1581716320.0
CENT,2015-09-26,12.05,4.8562E7,585172100.0,47584000.0,400139000.0,937727100.0
CENT,2014-09-27,8.83,4.888E7,431610400.0,78676000.0,450239000.0,803173400.0
CENT,2013-09-28,6.5,4.8094E7,312611000.0,15156000.0,472587000.0,770042000.0
CENT,2012-09-29,11.11,4.7622E7,529080420.0,48475000.0,449814000.0,930419420.0
CENT,2011-09-24,7.48,5.6217E7,420503160.0,12031000.0,435609000.0,844081160.0
CENT,2010-09-25,9.45,6.3511315E7,600181926.75,91460000.0,400271000.0,908992926.75
CENT,2009-09-26,13.03,6.9751601E7,908863361.03,85668000.0,408085000.0,1231280361.03
LANC,2019-06-30,154.7,2.7438E7,4244658599.9999995,196288000.0,0.0,4048370599.9999995
LANC,2018-06-30,145.61,2.7403E7,3990150830.0000005,205752000.0,0.0,3784398830.0000005
LANC,2017-06-30,123.75,2.7376E7,3387780000.0,143104000.0,0.0,3244676000.0
LANC,2016-06-30,129.96,2.7336E7,3552586560.0,118080000.0,0.0,3434506560.0
LANC,2015-06-30,92.86,2.73E7,2535078000.0,182202000.0,0.0,2352876000.0
LANC,2014-06-30,90.11,2.7264E7,2456759040.0,211539000.0,0.0,2245220040.0
LANC,2013-06-30,83.26,2.7252E7,2269001520.0,123386000.0,0.0,2145615520.0
LANC,2012-06-30,70.2,2.7233E7,1911756600.0,191636000.0,0.0,1720120600.0
LANC,2011-06-30,60.13,2.7664E7,1663436320.0,132266000.0,0.0,1531170320.0
LANC,2010-06-30,51.92,2.8249E7,1466688080.0,100890000.0,0.0,1365798080.0
LANC,2009-06-30,46.73,2.8033E7,1309982090.0,38484000.0,0.0,1271498090.0
USNA,2019-12-28,66.82,2.2644E7,1513072079.9999998,234830000.0,123573000.0,1401815079.9999998
USNA,2018-12-29,114.64,2.4105E7,2763397200.0,214326000.0,138739000.0,2687810200.0
USNA,2017-12-30,75.55,2.4349E7,1839566950.0,247131000.0,129396000.0,1721831950.0
USNA,2016-12-31,61.9,2.4185E7,1497051500.0,175774000.0,129451000.0,1450728500.0
USNA,2016-01-02,65.71,1.273E7,836488299.9999999,143210000.0,121369000.0,814647299.9999999
USNA,2015-01-03,50.2,1.3221E7,663694200.0,111126000.0,100926000.0,653494200.0
USNA,2013-12-28,29.63,1.3695E7,405782850.0,137343000.0,86369000.0,354808850.0
USNA,2012-12-29,18.5,1.4547E7,269119500.0,70839000.0,63804000.0,262084500.0
USNA,2011-12-31,17.41,1.5361E7,267435010.0,50353000.0,51744000.0,268826010.0
USNA,2011-01-01,18.96,3.1937676E7,605538336.96,24222000.0,0.0,581316336.96
USNA,2010-01-02,14.11,3.0610186E7,431909724.46,13658000.0,7000000.0,425251724.46
JBSS,2019-06-27,85.49,1.1430174E7,977165575.26,1591000.0,27719000.0,1003293575.26
JBSS,2018-06-28,77.99,1.138308E7,887766409.1999999,1449000.0,34525000.0,920842409.1999999
JBSS,2017-06-29,68.62,1.1317149E7,776582764.38,1955000.0,28629000.0,803256764.38
JBSS,2016-06-30,46.67,1.1233975E7,524289613.25,2220000.0,32290000.0,554359613.25
JBSS,2015-06-25,51.72,1.1150658E7,576712031.76,1946000.0,35666000.0,610432031.76
JBSS,2014-06-26,26.51,1.103331E7,292493048.1,1884000.0,39015000.0,329624048.1
JBSS,2013-06-27,21.82,1.0863064E7,237032056.48,834000.0,42355000.0,278553056.48
JBSS,2012-06-28,18.05,0.0,0.0,0.0,0.0,0.0
JBSS,2011-06-30,8.37,1.0662106E7,89241827.22,1321000.0,102863000.0,190783827.22
JBSS,2010-06-24,14.66,1.0646375E7,156075857.5,1437000.0,100727000.0,255365857.5
JBSS,2009-06-25,7.67,1.061824E7,81441900.8,863000.0,99570000.0,180148900.8
JJSF,2019-09-28,190.62,1.8812E7,3585943440.0,192395000.0,1057000.0,3394605440.0
JJSF,2018-09-29,157.39,1.8694E7,2942248659.9999995,111479000.0,1077000.0,2831846659.9999995
JJSF,2017-09-30,130.09,1.8707E7,2433593630.0,90962000.0,1244000.0,2343875630.0
JJSF,2016-09-24,119.13,1.8649E7,2221655370.0,140652000.0,1600000.0,2082603370.0
JJSF,2015-09-26,124.11,1.8685E7,2318995350.0,133689000.0,1469000.0,2186775350.0
JJSF,2014-09-27,98.81,1.8677E7,1845474370.0,91760000.0,520000.0,1754234370.0
JJSF,2013-09-28,86.82,1.8785E7,1630913699.9999998,97345000.0,347000.0,1533915699.9999998
JJSF,2012-09-29,56.93,1.8854E7,1073358220.0,154198000.0,687000.0,919847220.0
JJSF,2011-09-24,50.01,1.8672E7,933786720.0,87479000.0,801000.0,847108720.0
JJSF,2010-09-25,42.9,1.8497149E7,793527692.1,74665000.0,863000.0,719725692.1
JJSF,2009-09-26,40.93,1.8445787E7,754986061.91,60343000.0,381000.0,695024061.91
LNDC,2019-05-26,9.56,2.8359E7,271112040.0,1080000.0,96984000.0,367016040.0
LNDC,2018-05-27,15.4,2.7535E7,424039000.0,2899000.0,42300000.0,463440000.0
LNDC,2017-05-28,14.2,2.7276E7,387319200.0,5409000.0,47239000.0,429149200.0
LNDC,2016-05-29,10.41,2.7044E7,281528040.0,9894000.0,54662000.0,326296040.0
LNDC,2015-05-31,14.43,26884.0,387936.12,14127000.0,42519000.0,28779936.119999997
LNDC,2014-05-25,11.73,2.6628E7,312346440.0,14243000.0,34372000.0,332475440.0
LNDC,2013-05-26,13.82,2.583E7,356970600.0,13718000.0,40305000.0,383557600.0
LNDC,2012-05-27,8.27,25849.0,213771.22999999998,22177000.0,47317000.0,25353771.23
LNDC,2011-05-29,6.31,2.6386396E7,166498158.76,8135000.0,19830000.0,178193158.76
LNDC,2010-05-30,6.12,2.6412064E7,161641831.68,27817000.0,23770000.0,157594831.68
LNDC,2009-05-31,6.79,2.6202E7,177911580.0,43459000.0,0.0,134452580.0
LMNR,2019-10-31,17.95,1.758E7,315561000.0,616000.0,108915000.0,423860000.0
LMNR,2018-10-31,25.54,1.5581E7,397938740.0,609000.0,80093000.0,477422740.0
LMNR,2017-10-31,23.97,1.4315E7,343130550.0,492000.0,105113000.0,447751550.0
LMNR,2016-10-31,18.65,1.4168E7,264233199.99999997,38000.0,90672000.0,354867200.0
LMNR,2015-10-31,15.99,1.4119E7,225762810.0,39000.0,89824000.0,315547810.0
LMNR,2014-10-31,23.4,1.4078077E7,329427001.79999995,92000.0,68354000.0,397689001.79999995
LMNR,2013-10-31,25.75,0.0,0.0,0.0,0.0,0.0
LMNR,2012-10-31,18.25,0.0,0.0,0.0,0.0,0.0
LMNR,2011-10-31,14.0,1.1205E7,156870000.0,21000.0,82871000.0,239720000.0
LMNR,2010-10-31,18.66,1.119446E7,208888623.6,262000.0,85938000.0,294564623.6
LMNR,2009-10-31,14.0,0.0,0.0,603000.0,69716000.0,69113000.0
FARM,2019-06-30,16.47,1.6996354E7,279929950.38,6983000.0,92034000.0,364980950.38
FARM,2018-06-30,28.2,1.681502E7,474183564.0,2438000.0,190000.0,471935564.0
FARM,2017-06-30,31.7,1.6668745E7,528399216.5,6241000.0,1195000.0,523353216.5
FARM,2016-06-30,30.67,1.6502523E7,506132380.41,21095000.0,2359000.0,487396380.41
FARM,2015-06-30,23.63,1.612761E7,381095424.3,15160000.0,5848000.0,371783424.3
FARM,2014-06-30,21.2,1.5909631E7,337284177.2,11993000.0,9703000.0,334994177.2
FARM,2013-06-30,15.11,1.5604452E7,235783269.72,2678000.0,12168000.0,245273269.72
FARM,2012-06-30,7.85,1.5492314E7,121614664.89999999,3906000.0,15867000.0,133575664.89999999
FARM,2011-06-30,7.83,1.6205357E7,126887945.31,6081000.0,39998000.0,160804945.31
FARM,2010-06-30,16.88,1.6161739E7,272810154.32,4149000.0,41024000.0,309685154.32
FARM,2009-06-30,22.66,1.450832E7,328758531.2,20038000.0,17434000.0,326154531.2
COKE,2019-12-29,275.01,7141000.0,1963846410.0,9614000.0,1044944000.0,2999176410.0
COKE,2018-12-30,210.45,7141000.0,1502823450.0,13548000.0,1113020000.0,2602295450.0
COKE,2017-12-31,203.1,7141000.0,1450337100.0,16902000.0,1096239000.0,2529674100.0
COKE,2017-01-01,168.84,7141000.0,1205686440.0,21850000.0,914781000.0,2098617440.0
COKE,2016-01-03,162.61,7141000.0,1161198010.0,55498000.0,630942000.0,1736642010.0
COKE,2014-12-28,103.93,7141000.0,742164130.0,9095000.0,444759000.0,1177828130.0
COKE,2013-12-29,68.89,7141000.0,491943490.0,11761000.0,398566000.0,878748490.0
COKE,2012-12-30,65.41,7141000.0,467092810.0,10399000.0,423386000.0,880079810.0
COKE,2012-01-01,61.0,0.0,0.0,0.0,0.0,0.0
COKE,2011-01-02,55.33,9185649.0,508241959.16999996,49372000.0,582324000.0,1041193959.17
COKE,2010-01-03,50.5,9163329.0,462748114.5,22270000.0,601024000.0,1041502114.5
SENEA,2019-03-31,30.3,9652.0,292455.60000000003,11480000.0,272663000.0,261475455.6
SENEA,2018-03-31,28.95,9769.0,282812.55,15102000.0,423947000.0,409127812.55
SENEA,2017-03-31,38.6,9785000.0,377701000.0,11992000.0,337472000.0,703181000.0
SENEA,2016-03-31,33.74,9878000.0,333283720.0,8602000.0,315782000.0,640463720.0
SENEA,2015-03-31,27.28,1.069E7,291623200.0,10608000.0,274164000.0,555179200.0
SENEA,2014-03-31,29.85,1.0747E7,320797950.0,13839000.0,218516000.0,525474950.0
SENEA,2013-03-31,30.82,1.1147E7,343550540.0,14104000.0,270186000.0,599632540.0
SENEA,2012-03-31,25.28,0.0,0.0,9420000.0,234209000.0,224789000.0
SENEA,2011-03-31,27.29,1.1735631E7,320265369.99,4762000.0,232619000.0,548122369.99
SENEA,2010-03-31,27.48,1.0650931E7,292687583.88,7421000.0,214280000.0,499546583.88
CHSCM,2019-08-31,26.48,0.0,0.0,211179000.0,1789111000.0,1577932000.0
CHSCM,2018-08-31,26.28,0.0,0.0,450617000.0,1930255000.0,1479638000.0
CHSCM,2018-08-01,26.85,0.0,0.0,451000000.0,4203000000.0,3752000000.0
CHSCM,2017-08-31,28.89,0.0,0.0,181379000.0,2179793000.0,1998414000.0
CHSCM,2017-08-01,28.36,0.0,0.0,181000000.0,4168000000.0,3987000000.0
CHSCM,2016-08-31,29.37,0.0,0.0,279313000.0,2302779000.0,2023466000.0
CHSCM,2016-08-01,28.48,0.0,0.0,279000000.0,5034000000.0,4755000000.0
CHSCM,2015-08-31,26.14,0.0,0.0,953813000.0,1431117000.0,477304000.0
CHSCM,2015-08-01,25.7,0.0,0.0,954000000.0,2597000000.0,1643000000.0
CHSCM,2014-08-31,24.95,0.0,0.0,2133207000.0,1456500000.0,-676707000.0
CHSCN,2019-08-31,27.29,0.0,0.0,211179000.0,1789111000.0,1577932000.0
CHSCN,2018-08-31,27.49,0.0,0.0,450617000.0,1930255000.0,1479638000.0
CHSCN,2018-08-01,27.87,0.0,0.0,451000000.0,4203000000.0,3752000000.0
CHSCN,2017-08-31,29.53,0.0,0.0,181379000.0,2179793000.0,1998414000.0
CHSCN,2017-08-01,29.39,0.0,0.0,181000000.0,4168000000.0,3987000000.0
CHSCN,2016-08-31,30.2,0.0,0.0,279313000.0,2302779000.0,2023466000.0
CHSCN,2016-08-01,29.1,0.0,0.0,279000000.0,5034000000.0,4755000000.0
CHSCN,2015-08-31,27.08,0.0,0.0,953813000.0,1431117000.0,477304000.0
CHSCN,2015-08-01,26.48,0.0,0.0,954000000.0,2597000000.0,1643000000.0
CHSCN,2014-08-31,27.14,0.0,0.0,2133207000.0,1456500000.0,-676707000.0
CHSCN,2014-08-01,27.18,0.0,0.0,2133000000.0,2616000000.0,483000000.0
CHSCL,2019-08-31,27.51,0.0,0.0,211179000.0,1789111000.0,1577932000.0
CHSCL,2018-08-31,27.54,0.0,0.0,450617000.0,1930255000.0,1479638000.0
CHSCL,2018-08-01,28.33,0.0,0.0,451000000.0,4203000000.0,3752000000.0
CHSCL,2017-08-31,29.55,0.0,0.0,181379000.0,2179793000.0,1998414000.0
CHSCL,2017-08-01,28.96,0.0,0.0,181000000.0,4168000000.0,3987000000.0
CHSCL,2016-08-31,30.41,0.0,0.0,279313000.0,2302779000.0,2023466000.0
CHSCL,2016-08-01,28.68,0.0,0.0,279000000.0,5034000000.0,4755000000.0
CHSCL,2015-08-31,27.22,0.0,0.0,953813000.0,1431117000.0,477304000.0
CHSCL,2015-08-01,27.24,0.0,0.0,954000000.0,2597000000.0,1643000000.0
ACU,2019-12-31,24.29,3351731.0,81413545.99,6821883.0,34287905.0,108879567.99
ACU,2018-12-31,17.02,3370744.0,57370062.879999995,4409042.0,40549782.0,93510802.88
ACU,2017-12-31,23.84,3356383.0,80016170.72,9338269.0,43717015.0,114394916.72
ACU,2016-12-31,24.29,3327867.0,80833889.42999999,5910770.0,32935858.0,107858977.42999999
ACU,2015-12-31,13.85,3334790.0,46186841.5,2425891.0,25912652.0,69673602.5
ACU,2014-12-31,18.9,3239753.0,61231331.699999996,2285660.0,24146841.0,83092512.69999999
ACU,2013-12-31,14.52,3167764.0,45995933.28,11643764.0,22911829.0,57263998.28
ACU,2012-12-31,12.12,0.0,0.0,0.0,0.0,0.0
ACU,2011-12-31,9.86,0.0,0.0,0.0,0.0,0.0
ACU,2010-12-31,9.98,3061837.0,30557133.26,6601416.0,13522000.0,37477717.260000005
ACU,2009-12-31,8.9,3258368.0,28999475.200000003,6519065.0,9154000.0,31634410.200000003
ALCO,2019-09-30,32.57,7472000.0,243363040.0,18630000.0,163449000.0,388182040.0
ALCO,2018-09-30,33.37,0.0,0.0,0.0,0.0,0.0
ALCO,2017-09-30,32.55,8300000.0,270165000.0,3395000.0,186476000.0,453246000.0
ALCO,2016-09-30,26.41,8303000.0,219282230.0,6625000.0,197219000.0,409876230.0
ALCO,2015-09-30,42.69,8056000.0,343910640.0,7360000.0,205881000.0,542431640.0
ALCO,2014-09-30,36.82,7362090.0,271072153.8,31020000.0,65898000.0,305950153.8
ALCO,2013-09-30,39.66,0.0,0.0,0.0,0.0,0.0
ALCO,2012-09-30,31.64,0.0,0.0,0.0,0.0,0.0
ALCO,2011-09-30,23.48,7363000.0,172883240.0,1336000.0,57158000.0,228705240.0
ALCO,2010-09-30,25.6,7379229.0,188908262.4,10926000.0,73460000.0,251442262.4
ALCO,2009-09-30,29.08,7370043.0,214320850.44,18794000.0,78928000.0,274454850.44
CHSCO,2019-08-31,27.55,0.0,0.0,211179000.0,1789111000.0,1577932000.0
CHSCO,2018-08-31,28.65,0.0,0.0,450617000.0,1930255000.0,1479638000.0
CHSCO,2018-08-01,28.83,0.0,0.0,451000000.0,4203000000.0,3752000000.0
CHSCO,2017-08-31,29.49,0.0,0.0,181379000.0,2179793000.0,1998414000.0
CHSCO,2017-08-01,28.96,0.0,0.0,181000000.0,4168000000.0,3987000000.0
CHSCO,2016-08-31,30.48,0.0,0.0,279313000.0,2302779000.0,2023466000.0
CHSCO,2016-08-01,29.24,0.0,0.0,279000000.0,5034000000.0,4755000000.0
CHSCO,2015-08-31,28.3,0.0,0.0,953813000.0,1431117000.0,477304000.0
CHSCO,2015-08-01,28.0,0.0,0.0,954000000.0,2597000000.0,1643000000.0
CHSCO,2014-08-31,29.26,0.0,0.0,2133207000.0,1456500000.0,-676707000.0
CHSCO,2014-08-01,29.5,0.0,0.0,2133000000.0,2616000000.0,483000000.0
CHSCO,2013-08-31,26.1,0.0,0.0,1808532000.0,1607032000.0,-201500000.0
CHSCP,2019-08-31,28.07,0.0,0.0,211179000.0,1789111000.0,1577932000.0
CHSCP,2018-08-31,29.63,0.0,0.0,450617000.0,1930255000.0,1479638000.0
CHSCP,2018-08-01,30.45,0.0,0.0,451000000.0,4203000000.0,3752000000.0
CHSCP,2017-08-31,29.67,0.0,0.0,181379000.0,2179793000.0,1998414000.0
CHSCP,2017-08-01,31.2,0.0,0.0,181000000.0,4168000000.0,3987000000.0
CHSCP,2016-08-31,33.23,0.0,0.0,279313000.0,2302779000.0,2023466000.0
CHSCP,2016-08-01,34.24,0.0,0.0,279000000.0,5034000000.0,4755000000.0
CHSCP,2015-08-31,29.88,0.0,0.0,953813000.0,1431117000.0,477304000.0
CHSCP,2015-08-01,30.76,0.0,0.0,954000000.0,2597000000.0,1643000000.0
CHSCP,2014-08-31,30.11,0.0,0.0,2133207000.0,1456500000.0,-676707000.0
CHSCP,2014-08-01,31.55,0.0,0.0,2133000000.0,2616000000.0,483000000.0
CHSCP,2013-08-31,29.75,0.0,0.0,1808532000.0,1607032000.0,-201500000.0
CHSCP,2012-08-31,31.87,0.0,0.0,314029000.0,1440353000.0,1126324000.0
MTEX,2019-12-31,14.93,2391000.0,35697630.0,24762000.0,1102000.0,12037630.0
MTEX,2018-12-31,19.04,2541000.0,48380640.0,21845000.0,1583000.0,28118640.0
MTEX,2017-12-31,14.35,2708000.0,38859800.0,37682000.0,815000.0,1992800.0
MTEX,2016-12-31,19.0,2688000.0,51072000.0,28687000.0,1368000.0,23753000.0
MTEX,2015-12-31,17.6,2680000.0,47168000.00000001,31994000.0,1782000.0,16956000.000000007
MTEX,2014-12-31,18.7,2663000.0,49798100.0,27999000.0,1753000.0,23552100.0
MTEX,2013-12-31,15.13,2650000.0,40094500.0,20395000.0,1154000.0,20853500.0
MTEX,2012-12-31,6.0,2648000.0,15888000.0,14377000.0,1718000.0,3229000.0
MTEX,2011-12-31,4.51,2649000.0,11946990.0,18057000.0,2210000.0,-3900010.0
MTEX,2010-12-31,16.9,2.6488E7,447647199.99999994,21584000.0,2532000.0,428595199.99999994
MTEX,2009-12-31,30.3,2648079.0,80236793.7,18655000.0,1915000.0,63496793.7
SENEB,2019-03-31,29.31,9652.0,282900.12,11480000.0,272663000.0,261465900.12
SENEB,2018-03-31,32.25,9769.0,315050.25,15102000.0,423947000.0,409160050.25
SENEB,2018-03-01,33.0,0.0,0.0,15000000.0,424000000.0,409000000.0
SENEB,2017-03-31,40.2,9785000.0,393357000.0,11992000.0,337472000.0,718837000.0
SENEB,2017-03-01,40.1,0.0,0.0,12000000.0,337000000.0,325000000.0
SENEB,2016-03-31,33.5,9878000.0,330913000.0,8602000.0,315782000.0,638093000.0
SENEB,2016-03-01,32.2,0.0,0.0,9000000.0,316000000.0,307000000.0
SENEB,2015-03-31,32.05,1.069E7,342614499.99999994,10608000.0,274164000.0,606170500.0
SENEB,2015-03-01,32.75,0.0,0.0,11000000.0,284000000.0,273000000.0
SENEB,2014-03-31,30.78,1.0747E7,330792660.0,13839000.0,218516000.0,535469660.0
SENEB,2014-03-01,30.52,0.0,0.0,14000000.0,231000000.0,217000000.0
SENEB,2013-03-31,30.56,1.1147E7,340652320.0,14104000.0,270186000.0,596734320.0
SENEB,2012-03-31,26.0,0.0,0.0,9420000.0,234209000.0,224789000.0
